customer_id,customer_name,email,city,state,country,signup_date,customer_segment
1,Timothy Jones,mitchelljon@cruz.com,South Thomas,Montana,India,2023-07-17,Small Business
2,Rachel Ortega,jmorris@bean-ellis.net,Chandlerville,Maryland,India,2024-05-10,Consumer
3,Hannah Hicks,jonesfrank@hotmail.com,Gonzalezhaven,South Dakota,India,2025-09-17,Consumer
4,Jennifer Parker,jamesmichael@hotmail.com,Port Patrickside,South Carolina,India,2026-02-12,Small Business
5,Bruce Arnold,unovak@king-hobbs.com,North Dylan,Minnesota,India,2024-07-04,Corporate
6,Melissa Obrien,williamsmariah@yahoo.com,Carlachester,Kentucky,India,2024-05-27,Consumer
7,Eric Wheeler,jeffersonjessica@hotmail.com,New Annechester,Maine,India,2023-09-01,Consumer
8,Mr. Glenn Estes,nicolefloyd@curtis-carr.com,Scotttown,Vermont,India,2025-07-17,Consumer
9,Connie Smith,jonathannguyen@george.info,East Christopherborough,Connecticut,India,2023-12-07,Small Business
10,Jessica Miller,wilsoncynthia@martin.com,Port Samuel,Ohio,India,2024-03-01,Consumer
11,Kevin Wall,abray@harrington-griffith.com,Lake Ashley,Iowa,India,2024-06-08,Small Business
12,Jesse Stuart,dmorse@gmail.com,Sharonville,Wisconsin,India,2024-07-07,Small Business
13,Anna Thomas,oyork@morales.info,Kimport,North Carolina,India,2024-03-04,Small Business
14,Carolyn Chavez,mistydonovan@ramirez-cooper.com,Toddfort,Hawaii,India,2025-02-28,Consumer
15,Barbara Harmon,jocelynbarker@green.com,Matthewbury,Delaware,India,2026-05-23,Small Business
16,Steve Ramirez,collinsjodi@hotmail.com,West Alexandra,Kansas,India,2025-04-14,Corporate
17,Amber Silva,whogan@martin.com,Campbellville,Indiana,India,2025-05-25,Consumer
18,Robin Schaefer,jennifer78@hotmail.com,North Michaelmouth,Colorado,India,2025-10-06,Consumer
19,Angela Romero,katherine80@hotmail.com,Masonport,Nevada,India,2025-01-02,Consumer
20,Mark Davis,michaelross@johnson.biz,New Melissa,Iowa,India,2023-06-28,Consumer
21,David Ellis,jeremy01@williams-rowe.net,East Robinshire,Oregon,India,2023-08-09,Consumer
22,Susan Sparks,yparker@foster-lloyd.info,North Samantha,New Mexico,India,2026-05-12,Small Business
23,Jonathan Williams,anthonynancy@yahoo.com,East Charlesfurt,Wyoming,India,2023-07-08,Small Business
24,David Riley,levinekirsten@king-williams.org,Robbinsshire,South Carolina,India,2025-09-28,Consumer
25,Carrie Dixon,jonesgreg@gonzalez-tran.com,Lake Jonathan,Nebraska,India,2026-01-24,Small Business
26,Corey Ruiz,deniseturner@yahoo.com,Smithbury,Idaho,India,2024-11-09,Consumer
27,Anna Thomas,hartmatthew@hotmail.com,South Maria,Mississippi,India,2023-10-07,Small Business
28,Kenneth Marsh,michaelcain@chang-cabrera.com,Meghanmouth,Maryland,India,2024-12-29,Small Business
29,James Anderson,summersdavid@johnson.com,Samanthaville,Rhode Island,India,2026-03-17,Small Business
30,Jonathon Cox,jessica15@gmail.com,South Abigail,Virginia,India,2025-04-25,Small Business
31,Belinda Terrell,sbarker@vincent-reynolds.com,Lorettaview,Kentucky,India,2025-08-07,Corporate
32,Jermaine Callahan,christopher43@yahoo.com,South Charles,Hawaii,India,2026-03-30,Consumer
33,Jane Brown,combsjessica@holmes.com,East Iantown,Indiana,India,2026-04-26,Corporate
34,Deanna Hill,ygomez@white.com,South Erica,Pennsylvania,India,2023-06-01,Small Business
35,Sandra Williamson,todd24@gmail.com,South Matthew,South Dakota,India,2023-08-13,Corporate
36,Vickie Phillips,romerodeborah@zamora.biz,Huntertown,Florida,India,2026-03-02,Consumer
37,Mr. Ruben Rosales,iford@gmail.com,Lake Joshuamouth,South Dakota,India,2025-11-24,Consumer
38,Monica Medina,mgraham@gmail.com,Rebeccafort,Virginia,India,2024-03-08,Small Business
39,Joshua Suarez,qmorales@hawkins-haynes.com,South David,South Dakota,India,2025-09-11,Corporate
40,Lindsay Carney,john52@tran.info,Whiteshire,Oklahoma,India,2025-12-23,Corporate
41,John Thompson,beardteresa@cruz.com,Petersonfort,Michigan,India,2023-07-30,Corporate
42,Joseph Reynolds,marc50@garza.com,Castrohaven,Vermont,India,2024-03-07,Consumer
43,Jacob Edwards,howelleric@cole.net,Sharpville,Georgia,India,2024-09-11,Consumer
44,Cynthia Walker,xrobinson@zhang-blackwell.biz,Alexanderland,Massachusetts,India,2023-09-09,Corporate
45,Julia Alvarez,michael38@dickson.com,New Emilybury,Indiana,India,2023-09-27,Consumer
46,Stephen Bishop,carrieperkins@yahoo.com,Johnsonside,Mississippi,India,2024-06-21,Consumer
47,Mary Stevenson,hoffmanmichael@smith-warren.com,Port Margaretshire,Delaware,India,2023-11-15,Corporate
48,Adam Hudson,mcgrathcarla@yahoo.com,West Valerieburgh,California,India,2026-03-09,Consumer
49,David Miller,julie78@gmail.com,Port Susan,Michigan,India,2024-09-01,Corporate
50,Joseph Lee,ericksondaniel@underwood.info,North Benjamin,New York,India,2023-08-24,Corporate
51,Victor Dougherty,coopermarcus@smith.info,Lake Annland,New York,India,2023-09-26,Small Business
52,Phillip Krause,curtisgallegos@yahoo.com,North Tanyachester,West Virginia,India,2024-04-09,Corporate
53,Eric Galloway,huertamatthew@yahoo.com,Cruzmouth,Oklahoma,India,2025-06-25,Consumer
54,Adam Weeks,amydaniel@smith.com,West David,Nevada,India,2023-12-26,Small Business
55,Julia Hernandez,tmoore@hotmail.com,Georgeshire,North Dakota,India,2023-09-02,Corporate
56,Alexis Taylor MD,sjensen@hotmail.com,New Brian,Alabama,India,2025-10-30,Small Business
57,Jake Stout,goodwinmichael@ferguson.com,West Janet,Massachusetts,India,2025-03-01,Consumer
58,Todd Jones,aliciatucker@chandler.com,West Kathryn,Alaska,India,2023-05-27,Corporate
59,Jessica Rivera,katherine57@smith.info,New Victoriaport,Louisiana,India,2025-11-16,Consumer
60,Mrs. Alison Macias MD,josephallison@newton-green.com,Penaburgh,Maine,India,2023-11-23,Small Business
61,Timothy Ochoa,csmith@gmail.com,Kevinberg,Kansas,India,2024-08-02,Corporate
62,Dr. Shannon Williams,amanda97@yahoo.com,Barnesborough,South Carolina,India,2026-02-27,Small Business
63,Kari Johnson,bgay@yahoo.com,South Bradleymouth,Georgia,India,2024-08-13,Small Business
64,Lisa Hood,porterandrew@yahoo.com,Johnsonchester,Delaware,India,2023-12-30,Corporate
65,Brandy Silva,ajohnson@ponce.com,North Emilybury,New Hampshire,India,2026-03-15,Small Business
66,Christian Lee,fischershelly@gmail.com,North Bryan,Pennsylvania,India,2024-02-13,Consumer
67,Elizabeth Jones,gregory83@gmail.com,Curryport,Arkansas,India,2026-03-16,Small Business
68,Greg Mullins,crystal29@gmail.com,South David,Arkansas,India,2025-07-24,Consumer
69,Jordan Simpson,fullermichael@hotmail.com,Lorimouth,Maine,India,2026-05-11,Consumer
70,Sylvia Martinez,ajimenez@hotmail.com,West Mary,Ohio,India,2026-03-29,Small Business
71,Zachary Parrish,sydney70@tucker.com,North Bethanystad,Vermont,India,2026-03-25,Consumer
72,Kevin Melendez,williamsonpamela@gmail.com,North Beverlybury,Utah,India,2024-05-31,Corporate
73,David Carlson,lauriemckenzie@yahoo.com,Johnchester,Kentucky,India,2026-04-30,Consumer
74,James Cook,gjenkins@gmail.com,Jameshaven,Illinois,India,2024-12-11,Consumer
75,Kendra Cordova,stephaniemiller@hotmail.com,Pereztown,New Jersey,India,2026-02-08,Consumer
76,John Flynn,lopezveronica@terrell.org,West Wendyview,Connecticut,India,2025-11-23,Corporate
77,Emily Park,lewischristopher@lee-sanders.com,New John,Georgia,India,2024-03-16,Corporate
78,Matthew Smith,stevencrawford@snyder-myers.info,North Karen,Utah,India,2026-02-01,Corporate
79,Thomas Alexander,allenmonica@yahoo.com,Robertport,Connecticut,India,2023-10-21,Small Business
80,Thomas Garrison,hendersonadam@hotmail.com,Timothymouth,Idaho,India,2023-05-31,Corporate
81,Anita Day,watsonsarah@hotmail.com,East Victormouth,Ohio,India,2025-01-22,Consumer
82,Jennifer Brooks,james26@yahoo.com,Port Carol,New Hampshire,India,2023-08-28,Corporate
83,Dillon Martin,hudsonkatie@jones.info,Pedromouth,Alabama,India,2024-07-12,Corporate
84,Patrick Mcclain,xjarvis@gmail.com,West Michaeltown,Indiana,India,2024-12-13,Consumer
85,Bradley Smith,rachel63@aguilar.biz,East Crystal,West Virginia,India,2025-11-22,Small Business
86,Krista Olsen,tony57@hotmail.com,Tiffanymouth,Illinois,India,2025-07-22,Corporate
87,Julia Murillo,ravery@yahoo.com,Williamsborough,Iowa,India,2024-01-10,Small Business
88,Eric Cooke,elizabeth18@yahoo.com,Benjamintown,Alaska,India,2024-07-20,Small Business
89,Connie Ferguson,murphyjohn@huber.info,Gonzalezmouth,Alabama,India,2023-12-30,Small Business
90,Jonathan Shaw,huntermaria@price.com,Port William,Wyoming,India,2025-03-23,Consumer
91,Erin Chan,christopher96@hotmail.com,New Tanner,Missouri,India,2025-11-22,Small Business
92,Randy Taylor,danny26@hotmail.com,Bullockfort,Oklahoma,India,2024-06-10,Small Business
93,Juan Weber,brian50@ray-wallace.org,Lake David,Louisiana,India,2024-11-10,Consumer
94,Rebecca Patton,bailey91@crane.com,East Jeremymouth,Washington,India,2024-10-29,Small Business
95,Kent Moore,vmaldonado@smith.org,Fitzpatrickshire,Michigan,India,2025-10-17,Small Business
96,Nathan Berry,jenningsrobert@robinson-dyer.info,Blakeshire,Arizona,India,2026-04-17,Consumer
97,Emily Jones,brogers@rice-hubbard.com,Harristown,South Dakota,India,2024-03-25,Consumer
98,Tristan Jackson,zachary59@johnson.com,Sparksview,Oklahoma,India,2025-03-16,Corporate
99,Ana White,johnbuckley@gmail.com,West Barbaraton,Hawaii,India,2025-03-22,Corporate
100,Brenda Cook,richard60@elliott-alexander.org,Johnsonburgh,Idaho,India,2024-10-24,Corporate
101,Janice Davis,nicholas11@hotmail.com,Craigside,Connecticut,India,2024-04-24,Small Business
102,Randall Jackson,murphywilliam@gmail.com,Olsonburgh,Rhode Island,India,2024-05-11,Small Business
103,Bonnie Wilson,sotochase@green.com,South Ginaport,Colorado,India,2025-01-25,Small Business
104,Anthony Jones,laurabest@wright.net,West Jeffrey,Iowa,India,2025-12-25,Consumer
105,David Sherman,hannahhayden@west-gallegos.com,Lake Susanfurt,Arizona,India,2025-06-26,Small Business
106,Christina Brown,davidmathews@martin.biz,East George,Pennsylvania,India,2026-01-18,Corporate
107,Ashley Brady,christina65@gmail.com,Murrayton,Tennessee,India,2023-07-26,Consumer
108,James Mccoy,donaldwilliams@yahoo.com,South Melissatown,New York,India,2024-12-04,Consumer
109,Alexandra Davis,smithcarly@dunn.net,Trevorfurt,Nebraska,India,2025-08-22,Consumer
110,Terry Young,kmccoy@hotmail.com,East Carl,Oklahoma,India,2026-02-03,Corporate
111,Joseph Robinson,rsanders@odonnell-sullivan.org,Lake Reginaldton,Hawaii,India,2025-12-27,Corporate
112,Sharon Richardson,gkirby@yahoo.com,New Ianshire,Hawaii,India,2026-05-11,Corporate
113,Nicholas Ellis,kathleennewton@gmail.com,South Jamesview,New York,India,2023-06-30,Consumer
114,Andrew Cross,pearsonveronica@bennett.com,Stephenschester,Nebraska,India,2024-07-30,Consumer
115,Shari Gilbert,nicole29@lopez.com,Frankfort,Kentucky,India,2024-03-13,Small Business
116,Noah Osborne,tsmith@thomas.net,Patrickberg,Mississippi,India,2024-02-24,Small Business
117,Mark Davis,monica06@yahoo.com,West Lisa,Wisconsin,India,2025-08-09,Corporate
118,Jeffrey Cole,jessica37@beltran.com,North Jasmineview,Florida,India,2024-04-15,Consumer
119,Jesus Taylor,andrewpatel@scott.com,Karinafort,Illinois,India,2025-04-16,Small Business
120,Tammy Patrick,nclark@gmail.com,West Juan,Kansas,India,2025-10-29,Corporate
121,Adam Romero,zmay@yahoo.com,Kathleenfort,Florida,India,2025-06-30,Corporate
122,Cathy Kerr,christopher55@hotmail.com,Butlerberg,Delaware,India,2025-09-29,Small Business
123,Amy Conner,coreyhamilton@riddle.biz,Lake Alexis,Mississippi,India,2024-05-01,Corporate
124,Cathy Mays,smithmary@yahoo.com,Port Isaac,North Dakota,India,2024-04-07,Consumer
125,Casey Stewart,nfowler@yahoo.com,Crystalview,Maine,India,2025-06-03,Corporate
126,Sara Clark,sbrown@gmail.com,East Catherinefort,Rhode Island,India,2024-05-13,Consumer
127,Sarah Cannon,conleymarie@hotmail.com,Smithchester,Georgia,India,2024-03-04,Consumer
128,Mrs. Cynthia Benson,cruzkevin@hicks.com,Woodstad,Florida,India,2025-03-10,Small Business
129,Nicole Greene,renee09@gmail.com,Younghaven,Wisconsin,India,2023-07-21,Small Business
130,Dennis Walters,yellis@norton-bartlett.info,Janiceport,Illinois,India,2026-01-23,Small Business
131,Mary Anderson,christensendana@ball-reynolds.info,Morrisburgh,Rhode Island,India,2024-05-21,Corporate
132,Ashley Levine,robertgibson@hotmail.com,Matthewland,Nevada,India,2024-07-24,Small Business
133,Amanda Murphy,briangilbert@lopez-novak.org,East Elizabeth,Mississippi,India,2026-02-15,Small Business
134,Christine Hubbard,leroymyers@yahoo.com,Robertsmouth,Nebraska,India,2024-08-03,Corporate
135,Nancy Simon,lisa76@hotmail.com,Morrisfort,Ohio,India,2024-05-14,Small Business
136,Miss Christina Smith,brownlarry@washington-odom.com,New Brian,Washington,India,2025-11-19,Corporate
137,Jonathan Wright,patricia44@hotmail.com,North James,Rhode Island,India,2025-11-28,Corporate
138,Jessica White,morrisreginald@gmail.com,Julieport,Colorado,India,2024-11-25,Consumer
139,Anne Davis,richard49@anderson-kelley.com,West Jimmyton,Colorado,India,2024-09-28,Consumer
140,Megan Davis,wknox@yahoo.com,East Natasha,Texas,India,2023-07-10,Small Business
141,Jeffrey Clark,jared83@gmail.com,Baileyland,Maryland,India,2025-12-23,Corporate
142,Nicholas Brown,lisamclaughlin@yahoo.com,Griffinborough,Alabama,India,2026-02-24,Consumer
143,Stephen Middleton,wjimenez@yahoo.com,Port Robert,Oklahoma,India,2026-04-22,Consumer
144,Amanda Butler,matthewjackson@garza-holder.com,Port Dianafurt,Wyoming,India,2024-07-22,Consumer
145,Amy Peterson,blairdavid@gmail.com,West Rachelmouth,Idaho,India,2024-02-04,Consumer
146,Amy Case,michaelrose@gmail.com,Penningtonhaven,Kansas,India,2023-09-02,Small Business
147,Danielle Huerta,ofowler@yahoo.com,Whitechester,Indiana,India,2024-05-25,Consumer
148,Connie Galloway,greencolleen@gmail.com,Stoneside,Texas,India,2025-05-22,Small Business
149,Brenda Nguyen,montgomerybarbara@gmail.com,West Davidhaven,Missouri,India,2025-05-15,Corporate
150,Melissa Lyons,christophermay@gmail.com,North John,Kansas,India,2024-01-15,Small Business
151,John Payne,lfernandez@huff-bernard.com,North Sharonview,Washington,India,2024-12-26,Consumer
152,Peter Medina III,ywhite@gmail.com,Griffinton,New Jersey,India,2025-01-19,Corporate
153,Heather Berger,sarahtyler@barron-orr.com,North Dalton,South Carolina,India,2025-12-15,Corporate
154,April Cortez,josephjohns@norris.net,Jessicabury,Rhode Island,India,2026-04-10,Small Business
155,Jason Gibbs,xmccullough@murphy.net,North Scottshire,North Carolina,India,2024-11-11,Corporate
156,Mallory White,rebecca83@rush-campbell.com,Joshuatown,Oregon,India,2024-12-05,Small Business
157,Kenneth Sheppard,tamara27@harrison.com,Powershaven,New Jersey,India,2024-10-14,Corporate
158,Erica Harper,robinsonashley@hotmail.com,East Tanyaton,Maine,India,2024-05-22,Small Business
159,Ethan Smith,iwilliams@adams-hill.com,Stephanieville,North Dakota,India,2023-11-22,Consumer
160,Ryan Montoya,moorejulia@hotmail.com,Patricialand,Washington,India,2025-05-16,Small Business
161,Kayla Payne,samantha66@hotmail.com,North Aaron,Oklahoma,India,2024-02-18,Small Business
162,Craig Perez,johnstondiane@yahoo.com,Jacksonchester,Mississippi,India,2024-08-08,Consumer
163,Laura Smith,richard18@james-hernandez.info,Steventown,Illinois,India,2023-07-21,Small Business
164,Daniel Dunn,burgesslawrence@gmail.com,Alexanderside,Hawaii,India,2026-02-14,Small Business
165,Mary Graves,osmith@hotmail.com,Port Chris,Washington,India,2024-09-15,Corporate
166,Nicole Smith,amy41@morgan.com,Whiteton,Iowa,India,2024-11-15,Small Business
167,Shannon Wood,jarvisnicole@yahoo.com,East Jodyton,Oklahoma,India,2023-06-10,Corporate
168,Logan Novak,timothy50@valdez.com,Ronaldport,Massachusetts,India,2026-01-06,Consumer
169,Kimberly Brooks,heidi93@yahoo.com,Harrisonland,North Carolina,India,2026-02-08,Corporate
170,Ruth Newton,breannafisher@gmail.com,North Aimeeside,Pennsylvania,India,2025-11-08,Corporate
171,Autumn Lewis,dmartinez@gmail.com,Port Patriciaside,Rhode Island,India,2023-07-29,Consumer
172,Vincent Boyd,awashington@yahoo.com,Markburgh,Wyoming,India,2023-12-19,Corporate
173,Nathan Willis,emilywilson@hotmail.com,Frankberg,Maine,India,2023-08-24,Consumer
174,Sarah Jones,mitchellzhang@rodriguez-mckinney.com,Martinezside,Iowa,India,2025-03-10,Small Business
175,Ashley Miranda,aguirrelori@yahoo.com,Reynoldsbury,Rhode Island,India,2026-05-19,Small Business
176,Laurie Hoover,michael56@gmail.com,East Shawn,New Hampshire,India,2023-10-21,Corporate
177,Carla Hernandez,courtney03@yahoo.com,Lake Ethan,Nevada,India,2023-10-08,Small Business
178,Brian Frederick,maria51@gmail.com,North Ralph,North Dakota,India,2023-11-23,Consumer
179,Timothy Shelton,steve71@best.com,Lake Tiffany,North Carolina,India,2024-10-03,Small Business
180,Brooke Donovan,gracecruz@hotmail.com,Lake Kimberlyberg,Nevada,India,2023-09-09,Consumer
181,Ryan Roberts,joneschristine@smith.com,Susanside,Michigan,India,2026-03-27,Small Business
182,Billy Evans,kimberly73@stevens-poole.info,Breannaburgh,Ohio,India,2024-11-25,Corporate
183,Alexis Scott,charlespeterson@gray.com,Amyburgh,Nevada,India,2026-02-02,Small Business
184,Tyler Chambers,jeremysmith@shah.com,Jonesside,Alaska,India,2025-02-07,Small Business
185,Debra Brooks,ehall@jordan.com,East Angelaburgh,Nebraska,India,2024-09-24,Small Business
186,Jennifer Richard,joselam@vincent.com,South Theodoreside,Oregon,India,2025-09-12,Consumer
187,Emily Green,kjordan@fitzgerald-gomez.com,Fraziermouth,Iowa,India,2024-01-02,Consumer
188,Stacey Whitaker,tonyatownsend@miller-mcgee.com,Kennedyland,Ohio,India,2025-02-27,Corporate
189,Mr. Dylan Reyes,amynavarro@yahoo.com,Rebeccaton,Washington,India,2026-01-15,Consumer
190,Scott Lara,bdavis@yahoo.com,Devonberg,Mississippi,India,2024-12-25,Small Business
191,Angela Gentry,margaretjohnson@schaefer.com,Raymondburgh,Nebraska,India,2024-03-18,Small Business
192,Rachel Mccullough,ubenitez@crane-jimenez.com,North Brenda,Nevada,India,2024-08-02,Consumer
193,Marcus Berry,blewis@hotmail.com,North Michaelbury,Alaska,India,2024-05-13,Small Business
194,Julia Summers,roblesjoseph@gmail.com,South Benjamin,Maryland,India,2024-02-03,Corporate
195,Amber Moore,nataliewilson@gmail.com,New Danielle,Idaho,India,2023-11-21,Corporate
196,David Quinn MD,rodney81@yahoo.com,Mariestad,Illinois,India,2025-04-25,Consumer
197,Jennifer Weiss,uwilson@gmail.com,Michaelville,Oregon,India,2023-06-22,Consumer
198,Christopher Garcia,gregory06@parker.net,Bellhaven,Missouri,India,2025-04-02,Corporate
199,Phillip Riley,melissafoster@hotmail.com,Millerborough,Indiana,India,2024-09-19,Corporate
200,Melinda Fields,kjohnson@yahoo.com,Port Charles,Tennessee,India,2024-06-08,Consumer
201,Wayne Fisher,zdean@hotmail.com,West Amyfort,Colorado,India,2024-05-23,Consumer
202,Richard Gray,rosewilliam@gmail.com,Velasquezbury,Maine,India,2023-09-27,Consumer
203,Roger Davis,kylehudson@walsh-quinn.com,East Brooke,Utah,India,2025-12-19,Small Business
204,Peter Davenport,claudiamartin@yahoo.com,North Benjamin,Michigan,India,2025-04-21,Consumer
205,Michelle Humphrey,obrienstacey@gmail.com,Owenston,Pennsylvania,India,2024-06-06,Consumer
206,Caitlin Robinson,kelseymoore@hotmail.com,Jaredburgh,Michigan,India,2025-08-27,Small Business
207,Anna Griffin,katelyn27@gmail.com,Timothytown,Kansas,India,2025-01-30,Corporate
208,Jeffery Wilson,obenson@gmail.com,West Tiffanyborough,New Jersey,India,2026-04-22,Consumer
209,David Mcdonald,lukeshaw@johnson.com,Robertsonmouth,Kentucky,India,2025-04-28,Small Business
210,Robert Avila,meghan54@hotmail.com,Brooksside,Ohio,India,2024-11-25,Consumer
211,Kathryn Washington,kimberlycarter@west-smith.info,North Helen,Nevada,India,2024-11-24,Consumer
212,Carlos Farrell,jimmy11@mitchell.com,Cannonfort,Vermont,India,2023-09-10,Small Business
213,Justin Wilson,johnlee@yahoo.com,Mariaborough,Arizona,India,2026-05-06,Corporate
214,Susan Ayers,danderson@yahoo.com,Hallmouth,Nevada,India,2025-07-10,Small Business
215,Justin Gomez,angelyoung@gmail.com,West Michael,South Carolina,India,2025-07-12,Consumer
216,Sharon Taylor,christopher77@yahoo.com,New Daniellestad,Texas,India,2024-01-27,Corporate
217,Molly Montoya,jessica06@torres.com,Thomaston,Oklahoma,India,2024-09-05,Small Business
218,Kirk Taylor,elainebaldwin@berry-watts.com,Andreaville,Arkansas,India,2025-08-19,Small Business
219,Denise Fischer,thomashayes@hotmail.com,Briannamouth,Arizona,India,2025-02-22,Corporate
220,Holly Wright,cheryl43@yahoo.com,Mckeehaven,Michigan,India,2024-07-01,Consumer
221,Troy Porter,bobby70@hotmail.com,North Scott,Vermont,India,2025-07-19,Small Business
222,Carrie Johnson,mitchellthomas@gmail.com,New William,Pennsylvania,India,2024-05-28,Small Business
223,Benjamin Chavez,alexandermcintosh@campos.com,Amybury,Missouri,India,2023-06-27,Small Business
224,Mr. Jacob Mercado,rachellarson@powell-kennedy.com,Port Michelleville,Michigan,India,2023-12-25,Consumer
225,Stephen Davis,nlong@hotmail.com,Salinasport,Iowa,India,2025-04-18,Small Business
226,Theodore Sawyer,vstrong@yahoo.com,East Sharonchester,Indiana,India,2025-01-02,Corporate
227,Matthew Davis,xfernandez@hotmail.com,Port Maryfort,Alaska,India,2024-06-11,Corporate
228,Robert Davis,louisrussell@lester.com,Brentberg,Oregon,India,2026-01-31,Small Business
229,Joseph Parker,sarahjohnson@yahoo.com,Lake Jamesshire,Virginia,India,2025-03-01,Small Business
230,Greg Carr,castromichael@hotmail.com,New Stephaniemouth,South Carolina,India,2023-12-05,Corporate
231,Kevin Warner,hjohnson@allen.info,New Lisa,North Carolina,India,2025-04-25,Corporate
232,Tony Wilson,pphillips@wright.com,Andrewsbury,Vermont,India,2025-02-24,Small Business
233,Adam Brennan,gina40@mitchell.com,Aguirreshire,Colorado,India,2025-11-01,Corporate
234,Jermaine Jones,wvasquez@clark.com,New Lawrence,Mississippi,India,2025-11-11,Consumer
235,Mitchell Wallace,perryrenee@yahoo.com,South William,Maryland,India,2026-05-06,Consumer
236,John Banks,april35@hotmail.com,Port Kaitlinland,Delaware,India,2025-07-06,Consumer
237,Stacy Molina,joshuahughes@hotmail.com,East Amanda,Kansas,India,2025-08-28,Consumer
238,Suzanne Gay,simonjoshua@gmail.com,Johnsonview,Alabama,India,2024-04-22,Corporate
239,Cory Miller,gparker@gmail.com,South Joshuafurt,Arizona,India,2023-11-21,Consumer
240,George Smith,charlotteolson@hotmail.com,Simpsonview,Iowa,India,2025-04-19,Small Business
241,David Hayes,faulknercassidy@hotmail.com,Jimmytown,Indiana,India,2023-10-20,Small Business
242,Brooke Williams MD,wagnermaurice@hotmail.com,Kevinstad,Washington,India,2025-08-01,Consumer
243,Derek Johnson,marthasimon@scott-jones.com,Schroederberg,Maryland,India,2025-04-14,Small Business
244,Colin Newton,pottsdavid@gmail.com,Jessicabury,Vermont,India,2025-03-19,Consumer
245,Gerald Shaffer,diazrebecca@robinson.com,Frazierfurt,Idaho,India,2024-07-25,Consumer
246,Mark Smith,uandrade@gmail.com,Meganport,Delaware,India,2025-02-02,Consumer
247,Vincent Sullivan,patricia59@fox.com,Elizabethburgh,Maryland,India,2025-05-18,Small Business
248,Ronald Baldwin,gordonbrandon@gmail.com,New Jerry,Montana,India,2025-03-08,Small Business
249,Aaron Patton,christina05@hotmail.com,Smallport,Arizona,India,2023-06-01,Consumer
250,James Cervantes,brownann@nelson-spencer.biz,Nicholasview,Texas,India,2023-05-25,Consumer
251,Vanessa Moore,wisekristen@hotmail.com,East Lisa,North Carolina,India,2024-12-22,Consumer
252,Linda Andrews,zacharydean@yahoo.com,Weeksport,Mississippi,India,2023-12-25,Consumer
253,Andrew Kerr,nicholaswest@hotmail.com,New David,Idaho,India,2023-08-04,Corporate
254,Sean Dennis,sydneyburns@gmail.com,Lake Courtney,New Hampshire,India,2026-04-25,Consumer
255,Kayla Terry,joshuarocha@miller.com,Christinetown,Hawaii,India,2024-05-28,Small Business
256,Jennifer Whitehead,williamsterri@yahoo.com,Lake Jessica,Wisconsin,India,2026-02-25,Consumer
257,Steven Floyd,omar98@jones-miles.com,New Christina,Ohio,India,2025-06-25,Corporate
258,Christina Potter,freeves@yahoo.com,Hernandezton,Pennsylvania,India,2025-05-03,Small Business
259,Steven Nelson,brettwalters@williams.biz,Samanthamouth,Alaska,India,2025-08-01,Corporate
260,Pamela Carter,virginia86@hotmail.com,North Normaburgh,Arkansas,India,2025-08-19,Consumer
261,Dr. Andrew Meyer,aarongreen@travis.com,East Katie,Nevada,India,2023-06-16,Small Business
262,Kayla Beck,audreywalker@gmail.com,Port Candice,Florida,India,2024-10-13,Consumer
263,Paul Jones,miguelking@salazar-henry.org,Petersonshire,Nebraska,India,2024-08-16,Small Business
264,Danielle Herman,kristin44@gmail.com,Jonesbury,South Dakota,India,2026-02-06,Small Business
265,Joseph Cisneros,brownpaul@wilson-parsons.com,New Krystal,Nevada,India,2025-02-19,Small Business
266,Scott Gonzalez,randolphclaudia@yahoo.com,South Caroltown,Maryland,India,2025-10-20,Corporate
267,Matthew White,heatherwells@lopez-mathis.com,Haydenberg,New Mexico,India,2024-03-17,Consumer
268,Johnny Finley,ruthwatson@gmail.com,Lake Kevinstad,Virginia,India,2026-04-22,Corporate
269,Mallory Sanders,donsmith@hernandez-garcia.info,New Samanthatown,New Hampshire,India,2026-02-27,Corporate
270,Barry Thompson,thomas68@hotmail.com,Gailland,Oklahoma,India,2023-07-18,Consumer
271,Joshua James,preid@yahoo.com,Hornemouth,Tennessee,India,2023-09-29,Consumer
272,Matthew White,gutierrezstephanie@robinson-clayton.biz,Gravesberg,Louisiana,India,2025-06-28,Consumer
273,Karen Stephens,rebecca82@johnson.com,East Jackson,Idaho,India,2026-03-09,Small Business
274,Mr. Dale Smith,amandalewis@gmail.com,Kellychester,Tennessee,India,2025-09-03,Corporate
275,Jasmin Fletcher,navarroamber@gibson.com,Lake Julie,Mississippi,India,2024-04-30,Corporate
276,Maria Soto,emilywoods@gmail.com,Susanchester,California,India,2024-01-09,Corporate
277,Michael Stewart,zlucas@gmail.com,South Natalie,Colorado,India,2024-01-29,Corporate
278,Tanya Salinas,lpowers@york.com,New Amandabury,South Dakota,India,2024-06-08,Corporate
279,Jill Friedman,parsonsjuan@robles.biz,West Christineport,Indiana,India,2023-09-13,Small Business
280,Krista Buckley,qreeves@yahoo.com,Cochranberg,Pennsylvania,India,2025-09-14,Consumer
281,Christopher Jackson,rschmidt@gmail.com,Hillberg,Hawaii,India,2024-10-26,Small Business
282,Joshua Roy,aoneill@price.com,Port Jessicamouth,Nevada,India,2025-09-19,Small Business
283,Makayla Dunlap,gfranklin@yahoo.com,East Bryan,Montana,India,2025-05-30,Small Business
284,Rebecca Martin,ricky47@yahoo.com,New Williammouth,Oklahoma,India,2026-03-21,Consumer
285,Ryan Mason,lpierce@mendez-arellano.com,Williemouth,Connecticut,India,2025-07-30,Consumer
286,Sheila Johnson,juliereynolds@hotmail.com,Armstrongport,Kentucky,India,2023-10-17,Corporate
287,Jesse Lee,qdalton@yahoo.com,Arroyoland,Connecticut,India,2025-07-11,Small Business
288,Sharon Gray,johnsonmaria@gmail.com,Elizabethberg,Alabama,India,2024-12-13,Corporate
289,John Dean,ashleychristensen@kelley.com,Port Lorifurt,Missouri,India,2025-08-04,Consumer
290,Natalie Ellis,sullivancarrie@huber.net,New Marvin,New Hampshire,India,2023-10-10,Consumer
291,Craig Swanson,bradleywilliams@gmail.com,Jenniferberg,Kansas,India,2026-04-14,Consumer
292,Lisa Harding,ubrown@fernandez-harrison.net,West Davidhaven,Arkansas,India,2024-01-11,Consumer
293,Heather Marsh,carrillopatrick@yahoo.com,Meadowsport,Idaho,India,2025-08-13,Small Business
294,Allison Ball,nryan@carlson-rivas.org,Michaelfort,Alabama,India,2025-11-08,Corporate
295,Kristen Wallace,peter28@gmail.com,West Christymouth,Pennsylvania,India,2025-11-03,Consumer
296,Jeremiah Griffin,bhansen@yahoo.com,Summersmouth,Mississippi,India,2024-07-06,Corporate
297,Walter Morton,lawrencebuckley@robinson.net,Port Heatherberg,Texas,India,2023-07-24,Consumer
298,Steven Payne,rodneymoyer@cervantes.org,North Scott,New Jersey,India,2026-03-25,Corporate
299,Katie Carter,munozeric@gmail.com,Montoyaburgh,Oklahoma,India,2024-07-27,Corporate
300,Richard Woodward,joshuabecker@hayes-ferguson.com,New Lauren,North Carolina,India,2025-11-14,Consumer
301,Sharon Rodriguez,james17@gmail.com,Hendrixmouth,Pennsylvania,India,2025-01-14,Consumer
302,Nicholas Bennett,sarahray@gmail.com,Davidport,Indiana,India,2024-03-24,Corporate
303,Earl Bailey,pachecojoshua@yahoo.com,West Crystal,Hawaii,India,2023-11-01,Small Business
304,Alexander Bond DVM,benjamin50@yahoo.com,Davisville,Texas,India,2023-12-29,Consumer
305,Joshua Valdez,tracy42@lee.com,Lake Andreaton,Utah,India,2023-10-13,Consumer
306,Charles Moore,bbrown@yahoo.com,Andersonchester,Illinois,India,2025-02-25,Small Business
307,Theresa Bryant,montgomerycarolyn@grant.com,Simpsonburgh,Connecticut,India,2023-06-12,Small Business
308,Raymond Williams,oritter@hotmail.com,North Theodore,Georgia,India,2024-03-01,Consumer
309,Thomas Jimenez Jr.,william48@gmail.com,Williamside,Massachusetts,India,2025-10-25,Consumer
310,Savannah Cochran,kathryn38@hotmail.com,East David,Nebraska,India,2023-10-29,Consumer
311,Todd Adams,xtaylor@hotmail.com,East Jessica,Kansas,India,2025-09-14,Consumer
312,George Jones,davisgregory@moon.org,East Josephton,Nevada,India,2024-03-23,Corporate
313,Seth Harris,ashley96@hotmail.com,Tinastad,Missouri,India,2023-12-30,Corporate
314,Michael Williams,erika50@hotmail.com,Williamsborough,Alaska,India,2024-04-21,Corporate
315,Jennifer Joseph,katherine74@hotmail.com,Smithville,New York,India,2023-06-30,Consumer
316,Samuel Schmidt,osalas@wood.biz,Cruzstad,Indiana,India,2024-11-05,Corporate
317,Steven Calderon,brenda62@cook.com,Brownbury,South Dakota,India,2023-07-06,Consumer
318,Mark Pena Jr.,amygonzalez@hotmail.com,Justintown,California,India,2024-08-29,Consumer
319,Brian Miller,donaldmatthews@elliott-hess.net,North Hailey,Arkansas,India,2024-07-13,Corporate
320,Julie Zamora,michael11@little.com,Ashleyfort,North Carolina,India,2023-11-15,Consumer
321,Amy Patel,cwhite@maldonado-orr.info,Port Kimfurt,Texas,India,2023-10-15,Corporate
322,Alexander Lopez,sheppardpatricia@mcmillan-miller.net,Joshuafurt,Michigan,India,2023-05-26,Corporate
323,Danielle Terrell,sshields@gmail.com,Johnville,New Mexico,India,2024-06-20,Corporate
324,Sandra Taylor,vanessa90@wilkinson.org,Carpenterfurt,Hawaii,India,2023-09-21,Corporate
325,William Stuart,marylee@yahoo.com,North Danielton,Indiana,India,2025-01-24,Corporate
326,Sarah Armstrong,mooregina@martinez.com,East Cherylburgh,Minnesota,India,2025-06-30,Small Business
327,Jessica Adams,daisyrodriguez@gmail.com,Vanessaport,Wyoming,India,2025-07-12,Small Business
328,Ann Harris,qchung@yahoo.com,Lake Charles,Utah,India,2025-07-23,Small Business
329,Charles Washington,kimberly50@santana-padilla.net,Omarland,Mississippi,India,2024-03-19,Small Business
330,Joyce Larson,desireeluna@gardner.com,Angelatown,California,India,2023-07-19,Small Business
331,Rhonda Jackson,martinezelizabeth@hotmail.com,Brandonshire,Wyoming,India,2023-10-27,Corporate
332,Robin Anderson,jordanyolanda@hotmail.com,Joseside,Montana,India,2023-10-18,Consumer
333,Mrs. Alicia Whitaker,jonathanmorgan@gonzalez-fuller.com,Teresafurt,Minnesota,India,2024-01-24,Consumer
334,Kelsey Adams,schmittjames@howard-sherman.org,Allentown,Florida,India,2024-07-27,Corporate
335,Christine Hardy,james28@walker.com,West Chelsea,Idaho,India,2024-02-26,Consumer
336,Christopher Stewart,rboyd@gmail.com,New Garrett,Ohio,India,2023-12-16,Consumer
337,Michael Gutierrez,paulnelson@hill.com,West Candice,Hawaii,India,2026-02-19,Small Business
338,Samantha Miranda,heidialexander@gmail.com,West Eileenfort,Minnesota,India,2024-05-15,Small Business
339,Rebecca Reed,davidholt@carson.com,Marcusberg,Wyoming,India,2024-01-08,Small Business
340,Matthew Hartman,kellyleslie@rodriguez.biz,Kevinburgh,Virginia,India,2025-04-12,Consumer
341,Paul Green,millervictoria@gmail.com,North Davidport,Mississippi,India,2023-06-15,Small Business
342,Adam Crawford,alisha29@mercado.com,Lake Jennifer,Tennessee,India,2025-12-05,Corporate
343,Heather Suarez,frederickdavid@williamson-singh.com,New Andrewton,California,India,2024-04-19,Consumer
344,Chloe Fernandez,perkinssheila@martin.info,Rubioside,Oregon,India,2023-07-07,Consumer
345,Gary Robertson,eburton@park-carroll.biz,South Robert,Nebraska,India,2026-03-07,Small Business
346,Debbie Santos,amyfisher@hotmail.com,Lake Theresaview,Kansas,India,2023-11-02,Corporate
347,Joanne Jennings,beardlinda@haynes-murphy.com,Baxtershire,Hawaii,India,2025-11-02,Small Business
348,Amanda Smith,dsteele@mccall-hamilton.org,Andradeview,Delaware,India,2024-08-26,Small Business
349,Edward Smith,bryan54@morris-allen.info,New Marctown,New York,India,2024-11-14,Consumer
350,Stephen Ho,brownrobert@hotmail.com,West Kristopher,New Jersey,India,2023-10-12,Consumer
351,Brian Davis,lindseymorris@hotmail.com,Cohenshire,West Virginia,India,2023-11-15,Small Business
352,Jessica Page,stephenperez@gmail.com,North Jamesborough,Tennessee,India,2026-04-12,Consumer
353,Alicia Lee,amberwilliams@hotmail.com,Wagnerfurt,Oregon,India,2023-07-06,Consumer
354,Charles Cox,nelsondaniel@hotmail.com,Matthewberg,Kansas,India,2023-06-08,Consumer
355,Mary Peck,staceysmith@lee-church.biz,South Brian,Oklahoma,India,2025-04-22,Small Business
356,James Malone,craigstewart@johnson.com,Port Amber,Mississippi,India,2023-07-05,Consumer
357,Ruben Alexander,christopherwalker@yahoo.com,Richardshire,Wyoming,India,2025-06-22,Small Business
358,Joann Daniels,munozpamela@gmail.com,Erikport,Indiana,India,2025-09-12,Consumer
359,Christopher Vasquez,brewergregory@martinez.com,Derekberg,Wisconsin,India,2025-09-26,Corporate
360,Jeffrey Sanchez,yatessteven@gmail.com,West Kathrynmouth,Minnesota,India,2025-03-18,Consumer
361,Deborah Leonard,dean29@gmail.com,Wilsonmouth,Pennsylvania,India,2026-02-07,Small Business
362,Dana Martin,richardsadriana@gmail.com,West Lee,Illinois,India,2023-11-14,Consumer
363,Holly Cook,mary50@duncan.biz,New Dawn,Oregon,India,2026-02-21,Small Business
364,Nicole Wright,heathdaniel@reid-lee.biz,East Charles,Alaska,India,2026-04-27,Small Business
365,Erica Watson,gerald12@yahoo.com,New Joshuaville,Illinois,India,2025-10-02,Consumer
366,Timothy Green,jimenezhannah@evans.biz,Garciaton,Georgia,India,2025-10-07,Small Business
367,Tracy Hernandez,grantwendy@yahoo.com,New Michael,Nebraska,India,2024-06-22,Consumer
368,Christopher Burke,schneidermichael@yahoo.com,Lindafurt,Ohio,India,2024-05-29,Corporate
369,Ronald Duke,jarnold@yahoo.com,East Teresafort,Wisconsin,India,2024-12-06,Small Business
370,Dustin Kirby,kerry05@hotmail.com,Smithside,New Hampshire,India,2026-04-22,Small Business
371,Justin Allen,marysanders@gmail.com,Lisafurt,South Dakota,India,2026-04-15,Small Business
372,Albert Watson,garrisoncrystal@yahoo.com,South Larryberg,Virginia,India,2025-08-11,Small Business
373,Ryan Smith,breannadavis@thompson.com,Coreymouth,Minnesota,India,2024-04-24,Corporate
374,Michael Fuentes,scott75@young.net,Port Jessica,Indiana,India,2024-05-19,Corporate
375,Linda Thompson,amanda12@hotmail.com,Downsbury,Delaware,India,2025-11-17,Consumer
376,Christopher Pineda,raymonddavis@carter.com,West Darius,Florida,India,2024-04-10,Small Business
377,Leslie Gallagher,james11@sawyer.com,North Jennifer,North Carolina,India,2024-02-07,Small Business
378,Joshua Williams,oburton@solis-simmons.info,Port Patricia,Kentucky,India,2024-11-02,Corporate
379,David Mann,tbruce@phillips-moreno.com,South Barbara,South Carolina,India,2025-05-13,Consumer
380,Eric Morgan,udavis@gmail.com,Benjaminchester,Arizona,India,2025-09-21,Corporate
381,Michael Grant,mlewis@hotmail.com,Port Lori,Iowa,India,2024-10-30,Corporate
382,Julia Mitchell,ebrown@yahoo.com,Burtonstad,Minnesota,India,2024-04-28,Consumer
383,Maria Williams,lorraine15@strong.com,New Cindyburgh,Rhode Island,India,2024-09-21,Small Business
384,Robin Myers,johnsonhaley@reyes.com,Williamville,Montana,India,2024-12-13,Small Business
385,Sarah Morse,robert67@yahoo.com,Matthewland,New York,India,2024-03-03,Corporate
386,Amy Hernandez,rachael16@morgan-griffith.net,Sherryburgh,Delaware,India,2025-07-03,Corporate
387,Nathaniel Barrett,claytongordon@hotmail.com,Riceborough,Alaska,India,2023-08-25,Corporate
388,Franklin Perez,michelefrancis@wilson.com,Rebeccashire,Delaware,India,2023-10-11,Consumer
389,Christine Walters,ksilva@davis.com,New Mary,Iowa,India,2024-08-23,Consumer
390,Angela Gregory,bullockashley@wise.com,Jaredchester,Tennessee,India,2026-02-20,Corporate
391,Jillian Miller,mwalker@hotmail.com,Port Alan,Virginia,India,2025-03-18,Small Business
392,Charles Poole,williamsemily@hotmail.com,Osborneborough,Nebraska,India,2024-02-14,Small Business
393,Anthony Steele,warnermichael@leblanc.net,Davidsonville,New Mexico,India,2024-04-30,Consumer
394,James Gray,kimberly78@garner-ramirez.net,Micheleport,Delaware,India,2025-08-11,Consumer
395,Alan Miller,patrickespinoza@garrett-robinson.com,South Tracy,South Carolina,India,2023-12-06,Small Business
396,Donald Thompson,pmartin@gmail.com,New Markhaven,Rhode Island,India,2025-08-28,Consumer
397,Bonnie Barton,fhunter@walter-craig.com,Kimberlyland,Illinois,India,2024-01-18,Small Business
398,Kathryn Hudson,goodmandebra@pineda.com,Garyville,Washington,India,2023-07-22,Corporate
399,David Mcneil,kristimoody@nixon-stevens.com,Davidshire,Alabama,India,2025-11-07,Consumer
400,Thomas Diaz,ualexander@short.com,Jasmineport,West Virginia,India,2023-11-03,Corporate
401,Isaac Perry,shelby94@coleman.com,Lake Davidmouth,New Jersey,India,2025-03-28,Consumer
402,Manuel Reid,kellertimothy@allen.com,West Loristad,North Carolina,India,2025-08-13,Consumer
403,Ariel Rivera,wendyreeves@yahoo.com,Burnetthaven,South Carolina,India,2023-12-13,Corporate
404,Nicole Campbell,millertravis@white.com,Johnsonside,Florida,India,2026-03-13,Corporate
405,Dawn Lopez,blankenshipedward@hamilton.com,Tracymouth,West Virginia,India,2025-07-29,Consumer
406,Susan Rosales,christinabaker@long.info,New Sarahport,Missouri,India,2024-01-19,Corporate
407,Alicia Rose,david09@gmail.com,West Anthony,Montana,India,2024-11-07,Small Business
408,Madeline Cole,jessicaflores@carlson-blanchard.com,Adamfort,Rhode Island,India,2024-03-27,Small Business
409,John Baker,ericamcbride@hotmail.com,East Jordanshire,Arizona,India,2024-05-08,Corporate
410,Michael Smith,kevin04@moore.com,Port Heather,Connecticut,India,2025-11-20,Small Business
411,Richard Jones,lindseytina@farley.com,Maxwellport,Michigan,India,2024-06-05,Small Business
412,Nicole Mercer,richardlamb@hotmail.com,East Kathyhaven,Maryland,India,2026-01-11,Small Business
413,Danielle Farrell,walter16@yahoo.com,Lake Jeremyport,Maine,India,2024-05-29,Consumer
414,Heather Burke,jacobsvalerie@hill.biz,Vaughnside,Maryland,India,2023-09-09,Small Business
415,Sandra Jones,jessicacooper@brown-davis.org,Michaelbury,Ohio,India,2023-09-14,Small Business
416,Chad Fry,sandragiles@hotmail.com,New Ana,Vermont,India,2026-01-06,Corporate
417,Anna Townsend,brandonwhite@gray.com,Lake Robinburgh,Oklahoma,India,2024-12-21,Small Business
418,Anthony Tate,gordonrachel@may.net,East Christyville,Iowa,India,2025-10-03,Consumer
419,Bradley Robinson,lukekelly@howard-russell.info,Lake William,Wyoming,India,2024-12-22,Consumer
420,Stacey Taylor,wrightjoseph@bryan.com,Wareville,Massachusetts,India,2026-01-20,Corporate
421,Taylor Williams,bcole@gmail.com,Lake Rickychester,South Dakota,India,2024-02-04,Consumer
422,Natalie Rodgers,swansoncarlos@guzman-baker.com,Wernerberg,New Hampshire,India,2024-07-26,Consumer
423,Jeffrey Klein,edrake@yahoo.com,South Danielmouth,Pennsylvania,India,2026-03-28,Small Business
424,Paige Rivera,zschaefer@lewis.net,New Erikport,Mississippi,India,2024-03-10,Small Business
425,Dawn Hughes,shelly48@gmail.com,Vangfort,Oregon,India,2024-01-10,Consumer
426,Ashley Cooper,gabriel36@wyatt.com,West Sean,Nebraska,India,2025-01-11,Corporate
427,Matthew White,joel94@gmail.com,North Dawn,Maine,India,2024-11-09,Corporate
428,Anita Morrison,lori63@collins.biz,Dunnview,Louisiana,India,2023-11-26,Small Business
429,Audrey Perkins,thompsontyrone@gmail.com,Lake Krystalmouth,Tennessee,India,2024-03-11,Consumer
430,Amy Young,keithsweeney@gmail.com,Lake Karen,Nevada,India,2024-03-29,Small Business
431,Anthony Munoz,zneal@gmail.com,Millerchester,South Dakota,India,2025-09-01,Corporate
432,Jeanne Sanchez,stevenhoffman@hotmail.com,Jonestown,Texas,India,2023-10-07,Consumer
433,Kayla Jennings DVM,qwhite@gibson.org,New Sara,Vermont,India,2024-02-06,Small Business
434,Tina Greene,vburnett@campbell.com,East Alyssa,West Virginia,India,2025-08-13,Small Business
435,Jonathan Duncan,tiffanyperkins@gmail.com,West Maryland,Louisiana,India,2023-11-04,Corporate
436,Brian Woods,penagail@white.info,Lake Karenville,Colorado,India,2024-04-11,Small Business
437,Heather Walker,sandra81@gmail.com,Gomezport,Arkansas,India,2024-08-12,Corporate
438,John Allen,adamspenny@heath.com,East Jordan,Oregon,India,2025-09-07,Corporate
439,Jackie Roth,brian69@mills.com,Jillfurt,Hawaii,India,2026-01-25,Consumer
440,Angela Soto,tdavis@yahoo.com,Millerfurt,California,India,2023-09-17,Consumer
441,Sheila Gilbert,hayesfrank@yahoo.com,East Nicholas,Maine,India,2024-08-20,Small Business
442,Christian Bell,martinezdana@doyle-house.org,Leechester,Iowa,India,2025-05-14,Corporate
443,Sydney Harrington,terri26@tyler.biz,Ronaldchester,Kansas,India,2024-10-28,Corporate
444,Alexander Miller,fandrade@hotmail.com,Ayalabury,Kentucky,India,2024-10-16,Consumer
445,Alexis Johnson,smithchristopher@marquez.org,East Joshuashire,Hawaii,India,2023-11-21,Consumer
446,Michael Smith,bryan36@yahoo.com,North Caitlynside,Florida,India,2025-09-04,Corporate
447,Amber Norman,nicolelester@townsend.com,North Laura,Georgia,India,2023-08-08,Consumer
448,Kristen Berry,ericparker@adkins-thompson.com,North Emily,Indiana,India,2024-06-01,Small Business
449,Maria Butler DDS,watkinsmelissa@hotmail.com,East Christyport,Rhode Island,India,2024-01-10,Corporate
450,Hannah Howard,kellershelby@miller.com,Craigville,Washington,India,2023-06-07,Consumer
451,Melissa Roberts,drakeelizabeth@yahoo.com,Annbury,South Dakota,India,2024-09-05,Small Business
452,Kathleen Washington,powellbrittany@zimmerman.com,Reidview,Massachusetts,India,2024-10-13,Corporate
453,Eric Briggs,mjoseph@mccarthy.com,New Nicholasburgh,Texas,India,2023-07-27,Small Business
454,Laura Williams,kimberlygarcia@cox.org,Tiffanyfort,Delaware,India,2024-11-25,Small Business
455,John Wong,sarahadams@roberts.com,Lake Tonyachester,West Virginia,India,2025-12-07,Corporate
456,Kenneth Miller,hernandezanthony@white-herrera.org,Humphreyshire,Connecticut,India,2023-08-05,Small Business
457,Cindy Myers,pamelasimmons@bell-long.com,Burkefort,Mississippi,India,2023-07-04,Consumer
458,Cynthia Jones,sjames@hotmail.com,South Lisa,Kentucky,India,2024-03-04,Consumer
459,Martin Patel,rpalmer@park-garcia.com,Hernandezstad,Georgia,India,2025-01-11,Consumer
460,Tony Burnett,annasanchez@long.com,West Robertburgh,North Carolina,India,2024-03-08,Small Business
461,Ashley Ford,lclay@gmail.com,West Duane,Washington,India,2023-06-16,Consumer
462,Keith Wright,jane91@baxter-gutierrez.org,Carloschester,South Dakota,India,2025-08-17,Small Business
463,Margaret Rose,walterbrittany@nelson.org,Lake Thomasfort,Michigan,India,2025-10-02,Consumer
464,Jeffrey Sullivan,carneysarah@hotmail.com,Christopherland,Utah,India,2024-12-25,Corporate
465,Paige Perry,kingleah@yahoo.com,North Randallville,Hawaii,India,2023-06-22,Small Business
466,Juan Johnson,edwardsholly@hotmail.com,New Joshuafort,New Mexico,India,2025-05-03,Small Business
467,Catherine Bolton,jenniferward@watkins-buchanan.org,Port Tyler,Colorado,India,2024-05-31,Consumer
468,Carlos Reynolds,amontoya@wilson-reynolds.com,Port Rebeccaborough,Rhode Island,India,2024-01-16,Corporate
469,Christopher Wilson,whansen@gmail.com,East Anthony,Virginia,India,2025-11-13,Consumer
470,Roy Acevedo,bevans@hotmail.com,Larryburgh,New Jersey,India,2026-05-15,Consumer
471,Janet Williams,kevinreyes@gmail.com,Brockville,Michigan,India,2023-06-21,Corporate
472,Kayla Watson,lisa08@morales.net,Lisaborough,Missouri,India,2023-06-27,Corporate
473,Alexander Bradshaw,davidmoran@gmail.com,Melissatown,Rhode Island,India,2024-09-13,Consumer
474,Jerry Klein,copelandlaura@gmail.com,Ryanshire,Colorado,India,2023-12-16,Corporate
475,Francisco Stewart,misty40@gmail.com,Welchview,Oregon,India,2024-04-06,Consumer
476,Jonathan Wright,brenda72@gmail.com,West Lisa,New Mexico,India,2026-01-23,Small Business
477,Jillian Savage,qalexander@brown.com,Murrayborough,South Carolina,India,2026-05-10,Consumer
478,James Tyler,griffinashley@gmail.com,North Marymouth,Michigan,India,2025-11-28,Small Business
479,Jerry Glover,jameshernandez@brown.org,Schmittberg,North Dakota,India,2024-11-07,Consumer
480,James Rodriguez,jeffrey34@sullivan.biz,West Timothybury,Kentucky,India,2025-02-05,Corporate
481,Derek Crawford,jessica95@santos.com,Coleview,Colorado,India,2025-02-13,Small Business
482,John Blair,uayers@cummings-hunter.com,North Grace,Kansas,India,2023-07-18,Corporate
483,Sarah Hicks,thomasbaker@yahoo.com,Vaughnberg,West Virginia,India,2026-03-05,Small Business
484,Victoria Lewis,pbutler@yahoo.com,Reynoldsview,Washington,India,2023-07-17,Small Business
485,Angela Adams,griffinkeith@cline.net,Phelpsmouth,Virginia,India,2024-02-20,Consumer
486,Nathan Flores,jmartin@barnes-herring.org,Rachaeltown,Delaware,India,2025-03-21,Consumer
487,John Torres,mcculloughgregory@schroeder-gordon.com,Tinaside,Alaska,India,2025-03-09,Consumer
488,Joann Rojas,smithgeorge@gmail.com,South Jonathon,Mississippi,India,2024-11-10,Consumer
489,Karen Nelson,susan44@gmail.com,Angeltown,Alabama,India,2025-01-23,Corporate
490,Cindy Mckee,josephtran@yahoo.com,Lake Shawn,Arkansas,India,2024-06-28,Consumer
491,Denise Cooper,markpena@adams.info,Matthewside,Hawaii,India,2023-11-04,Consumer
492,Christopher Ross,haleyrodriguez@baker.com,Amyborough,West Virginia,India,2025-11-16,Small Business
493,Jay Roth,nrivers@hotmail.com,Perezborough,Minnesota,India,2026-02-24,Corporate
494,Anthony Garza,tanyagonzales@gmail.com,North Andrew,New York,India,2023-11-05,Corporate
495,Jeffrey Allison,dennisrebecca@wade.com,Port Matthewside,North Carolina,India,2025-11-29,Small Business
496,Gregory Powell,ihawkins@hotmail.com,Davidfurt,Illinois,India,2024-06-15,Small Business
497,Jeffrey Figueroa,sethcrawford@graham.com,South Jessica,Wyoming,India,2024-08-08,Consumer
498,Diana Taylor,maldonadoangela@mills-swanson.com,Jonestown,Oklahoma,India,2025-11-10,Corporate
499,Frank Duncan,nicholasreyes@yahoo.com,Johnsonview,Mississippi,India,2024-05-05,Consumer
500,Sierra Reid,amy10@perry.net,Lake Steve,Virginia,India,2024-02-03,Small Business
